selected_at,bucket,selection_role,final_score,ready_for_write,bucket_reason,url,title,source_date,key_evidence_notes,article_text_truncated,article_text_hash
,AI & Automation,winner,4.785714286,YES,"The article discusses the integration of AI-driven technology in hydraulic fracturing operations, emphasizing real-time data feedback and automated decision-making.",https://www.nasdaq.com/articles/chevron-and-halliburton-unveil-next-gen-hydraulic-fracturing,Chevron and Halliburton Unveil Next-Gen Hydraulic Fracturing,2025-06-13T12:03:00+00:00,"Chevron and Halliburton's new intelligent fracturing process replaces manual intervention with machine-driven decision-making, enhancing precision and efficiency.; The ZEUS IQ platform utilizes real-time data feedback to adjust hydraulic fracturing stages automatically, improving production efficiency.; Chevron's proprietary algorithm allows for split-second adjustments based on historical and real-time data, optimizing the fracturing strategy.; The automated system reduces execution variability, ensuring consistent results across completion operations.; This collaboration promotes rapid innovation in the field by linking cloud-based algorithms with field-level control systems.","Chevron Corporation’s CVX subsidiary, Chevron U.S.A. Inc., in strategic partnership with Halliburton Company HAL, a Houston, TX-based oil and gas equipment and services firm, has unveiled a revolutionary method for hydraulic fracturing through the integration of closed-loop, feedback-driven completions in Colorado’s complex shale formations. The resulting efficiency, control and asset performance improvements represent a significant advancement in shale and tight rock production.

Revolutionizing Hydraulic Fracturing With Autonomous Technology

The newly implemented intelligent fracturing process redefines traditional completion operations. CVX and HAL’s collaboration delivers unprecedented precision by replacing manual intervention with machine-driven decision-making. The system executes each stage automatically, continuously adjusting to subsurface conditions based on real-time data feedback.

This advancement marks a breakthrough in the Oils-Energy sector’s digital evolution. Chevron’s algorithmic integration of hydraulic fracturing expertise with Halliburton’s robust digital platforms allows for continuous learning and adaptive optimization. The result is a process that not only reacts in real time but improves over time, thereby enhancing both safety and reservoir recovery.

ZEUS IQ Platform Powers Digital Execution

At the core of this autonomous system is Halliburton’s ZEUS IQ intelligent fracturing platform, an advanced ecosystem that includes the OCTIV auto frac system and Sensori monitoring technology. Together, they create a dynamic closed-loop system, delivering actionable insights that guide stage-by-stage execution. These tools collect, analyze and respond to downhole pressure, flow rate and geomechanical feedback during the fracturing operation.

The platform can adjust to the geological changes that occur during the job thanks to the OCTIV system's precise automation of hydraulic fracturing stages and Sensori's real-time subsurface feedback capture. This data-driven decision-making loop ensures optimal energy delivery into the formation, reducing waste and improving overall production efficiency.

Chevron’s Subsurface Intelligence Enhances Precision

Chevron’s deep domain knowledge in subsurface engineering and hydraulic fracturing plays a critical role in the success of this intelligent system. Their proprietary algorithm uses historical and real-time data to make split-second adjustments to the fracturing strategy. These automated decisions are made based on formation responsiveness, pressure anomalies and flow dynamics, rather than relying on static modeling or human prediction.

This closed-loop automation allows for a far more accurate response to the complex, variable geology typical of shale reservoirs. Instead of following a fixed plan, the system adapts each stage based on current formation behavior, ensuring maximum reservoir contact and resource extraction.

Strategic Collaboration Drives Innovation in the Field

The collaboration between Chevron and Halliburton showcases a visionary fusion of digital infrastructure and field operations. By implementing a seamless link between cloud-based algorithms and field-level control systems, the partnership has enabled a model where innovation is rapidly deployed and tested at scale.

Shawn Stasiuk, Halliburton’s vice president of Production Enhancement, emphasized the importance of bringing the digital revolution directly to the wellsite. By embedding advanced intelligence into the fracturing process, the system enables operators to not only execute with precision but experiment and refine techniques in real time. This continuous innovation cycle promotes rapid gains in both efficiency and recovery.

Autonomous Fracturing Reduces Variability and Enhances Control

One of the critical benefits of the Chevron-Halliburton system is the reduction in execution variability. Traditional hydraulic fracturing operations are highly dependent on operator experience and judgment, leading to inconsistency between stages and wells. By contrast, this automated, algorithm-driven system delivers repeatable results, ensuring uniformity across completion operations.

Moreover, the enhanced control functionality enables operators to intervene only when necessary, shifting the focus from real-time decision-making to strategic oversight. This shift empowers field teams to focus on high-value optimization, leaving the mechanical execution to the automated system.

Asset Performance Optimization Through Real-Time Adaptation

Chevron system’s ability to dynamically adapt to the formation in real time brings a new level of intelligence to completion design. Rather than relying on predictive models or pre-job assumptions, the process evolves based on live subsurface data, providing unparalleled responsiveness.

This adaptability translates directly to improved asset performance. By delivering energy more precisely into the formation, the system enhances fracture complexity, increases stimulated reservoir volume and maximizes hydrocarbon recovery. In regions like the Rockies, where geology can vary dramatically even within a single pad, this technology represents a transformative leap.

New Standard for Energy Efficiency and Environmental Responsibility

Beyond technical performance, the closed-loop system offers tangible environmental benefits. By minimizing excess pumping, reducing fluid consumption and eliminating non-productive time, the process reduces the carbon footprint associated with well completions. Furthermore, the high degree of control results in more targeted stimulation, lowering the risk of unintended subsurface impacts.

This approach aligns with Chevron’s broader commitment to responsible energy production. As Kim McHugh, vice president of its Rockies Business Unit, noted, Chevron remains focused on advancing asset performance safely through a combination of technical innovation and strategic partnerships.

Future Implications for Global Oilfield Operations

The success of Chevron and Halliburton’s closed-loop hydraulic fracturing process in Colorado could serve as a blueprint for global deployment in other unconventional plays. As automation becomes more deeply integrated into field operations, the industry may witness a paradigm shift in how wells are completed, optimized and monitored.

This intelligent system’s scalable architecture, cloud connectivity and machine learning capabilities position it as a frontrunner for widespread adoption across North America and beyond. Its ability to deliver repeatable, data-driven performance improvements will be essential as operators face increasingly complex reservoirs and greater expectations for environmental stewardship.

Conclusion: Transforming Fracture Execution With Digital Precision

The collaborative breakthrough between Chevron and Halliburton marks a key moment in the evolution of hydraulic fracturing. By merging automated execution with real-time subsurface feedback, they have created a system that operates with precision, consistency and adaptability that surpasses traditional methods. This closed-loop, intelligent fracturing approach is not only optimizing current operations but reshaping the future of completions. As the industry moves forward, such innovations will be central to unlocking more energy, with greater environmental responsibility and operational control.

CVX's Zacks Rank & Key Picks

Currently, CVX holds a Zacks Rank #5 (Strong Sell), while HAL has a Zacks Rank #4 (Sell).

Investors interested in the energy sector might look at some better-ranked stocks like Subsea 7 SUBCY, which sports a Zacks Rank #1 (Strong Buy), and Paramount Resources Ltd. PRMRF, holding a Zacks Rank #2 (Buy) at present. You can see the complete list of today’s Zacks #1 Rank stocks here.

Subsea 7 is valued at $5.72 billion. The company is a global leader in delivering offshore projects and services for the energy industry, specializing in subsea engineering, construction and installation. Headquartered in Luxembourg, Subsea 7 supports both the oil & gas and renewable energy sectors with integrated solutions, including subsea infrastructure, heavy lifting and life-of-field services.

Paramount Resources is valued at $2.19 billion. It is a Calgary-based energy company engaged in the exploration and development of conventional and unconventional petroleum and natural gas reserves across Canada. Paramount Resources’ key assets include significant holdings in the Duvernay, Montney, Muskwa and Besa River formations located in Alberta and northeast British Columbia.

7 Best Stocks for the Next 30 Days

Just released: Experts distill 7 elite stocks from the current list of 220 Zacks Rank #1 Strong Buys. They deem these tickers ""Most Likely for Early Price Pops.""

Since 1988, the full list has beaten the market more than 2X over with an average gain of +23.5% per year. So be sure to give these hand picked 7 your immediate attention.

Want the latest recommendations from Zacks Investment Research? Today, you can download 7 Best Stocks for the Next 30 Days. Click to get this free report

Chevron Corporation (CVX) : Free Stock Analysis Report

Halliburton Company (HAL) : Free Stock Analysis Report

Subsea 7 SA (SUBCY) : Free Stock Analysis Report

Paramount Resources Ltd. (PRMRF) : Free Stock Analysis Report

This article originally published on Zacks Investment Research (zacks.com).

Zacks Investment Research

The views and opinions expressed herein are the views and opinions of the author and do not necessarily reflect those of Nasdaq, Inc.",9774ec48892f9b4c2d3888527befb95ba1a922e26b973e0929fda77cf8816ee0
,Upstream,backup,4.142857143,NO,"The article discusses an incident involving a semisub rig dropping equipment, which directly relates to field operations and wellsite activities.",https://www.upstreamonline.com/rigs-and-vessels/investigation-under-way-as-semisub-rig-unintentionally-drops-equipment/2-1-1594117?zephr_sso_ott=19kgko,Investigation under way as semisub rig 'unintentionally' drops equipment,2024-02-06T05:01:00+00:00,"The Ocean GreatWhite rig, operated by Diamond Offshore Drilling, was involved in an incident where it unintentionally dropped equipment.; The incident occurred while the rig was on charter with BP in UK waters.; The article highlights the ongoing investigation into the equipment drop, indicating potential safety and operational implications.","Investigation under way as semisub rig ‘unintentionally’ drops equipment

Diamond Offshore Drilling’s Ocean GreatWhite was on charter with BP in UK waters at time of the incident",8de7f56b2bcb7b98d502876444ca28e0cfaabf139a1c585cbb144ed68ca53962
,Upstream,winner,4.571428571,YES,"The article primarily discusses well completion equipment and services, including techniques like multi-stage fracturing, which are integral to upstream operations.",https://uk.finance.yahoo.com/news/saudi-arabia-well-completion-equipment-144400805.html,"Saudi Arabia Well Completion Equipment and Services Industry Report 2025-2034: Schlumberger, Halliburton, and Baker Hughes Lead Through Advanced Technologies and Integrated ...",2025-11-24T14:59:00+00:00,"The Saudi Arabia well completion equipment and services market is projected to grow at a CAGR of 4.50% between 2025 and 2034.; Multi-stage fracturing tools are integral to the hydraulic fracturing process, enhancing hydrocarbon production from unconventional reservoirs.; The article highlights the increasing integration of IoT and AI technologies to enhance the efficiency of the completion process.; Onshore drilling activities are expected to grow significantly due to the emergence of onshore shale reserves in Saudi Arabia.; The evolving regulatory landscape prioritizes sustainability, driving the need for advanced well-completion solutions.","Company Logo

The Saudi Arabia well completion equipment and services market is poised for growth due to increased domestic and international demand for hydrocarbons, evolving regulatory requirements prioritizing sustainability, and advancements in IoT and AI technologies. The rise in onshore activities, particularly with shale reserves, further enhances market opportunities.

Dublin, Nov. 24, 2025 (GLOBE NEWSWIRE) -- The ""Saudi Arabia Well Completion Equipment and Services Market Report and Forecast 2025-2034"" report has been added to ResearchAndMarkets.com's offering.



The Saudi Arabia well completion equipment and services market size is projected to grow at a CAGR of 4.50% between 2025 and 2034. The market is being aided by the rising oil production and evolving regulatory landscape in the country's oil and gas sector.



Saudi Arabia remains a global leader in oil production, and the sustained demand for hydrocarbons both domestically and internationally is a primary driver of Saudi Arabia well completion equipment and services market demand. The need to extract and process these resources efficiently drives continuous innovation in completion techniques.

The evolving regulatory landscape in Saudi Arabia's oil and gas industry, driven by the increasing global focus on environmental sustainability, is a significant factor supporting the Saudi Arabia well completion equipment and services market growth. As the government prioritises sustainability in the oil and gas sector, there is an increasing need for advanced well-completion solutions that can enhance operational efficiency, while reducing environmental impact.

Advanced technologies are being employed to enhance the efficiency of the completion process. The increasing integration of IoT (Internet of Things) and AI (Artificial Intelligence) technologies is one of the major Saudi Arabia well completion equipment and services market trends. These technologies are employed to enhance the efficiency of the completion process.

Market Share by Type



Multi-stage fracturing tools are likely to account for a significant portion of the Saudi Arabia well completion equipment and services market share in the forecast period. Multi-stage fracturing tools are integral to the hydraulic fracturing process. This technique is employed in the oil and gas industry to enhance the production of hydrocarbons from unconventional reservoirs like shale formations.



These tools help in extracting a greater volume of hydrocarbons from reservoirs by creating multiple fractures along the wellbore. By doing so, a larger surface area of the reservoir rock is exposed to the wellbore, increasing the potential for oil and gas recovery.



Market Share by Location of Deployment



According to the Saudi Arabia well completion equipment and services market analysis, increasing onshore activities significantly affects the growth of the market. The country is committed to onshore drilling due to its intention to stay as a global leader in the field of oil production. Moreover, a notable development that is expected to further propel the growth of onshore drilling activities is the emergence of onshore shale reserves.



Competitive Landscape



The comprehensive report provides an in-depth assessment of the market based on Porter's five forces model along with giving a SWOT analysis. The report gives a detailed analysis of the following key players in the Saudi Arabia well completion equipment and services market, covering their competitive landscape and the latest developments like mergers, acquisitions, investments, and expansion plans.



Schlumberger Limited



Schlumberger Limited, a multinational company specialising in oilfield services, is headquartered in Paris, France. It stands as one of the largest global entities in its field, offering an extensive array of services and cutting-edge technologies to the oil and gas industry. Established back in 1926, Schlumberger has developed a diverse range of solutions, spanning from reservoir analysis and drilling to production and processing within the oil and gas sector.



Halliburton Energy Services Inc.



Halliburton Energy Services Inc. is a multinational corporation specialising in delivering a wide array of products and services to the energy sector, with a strong emphasis on the oil and gas industry. Founded in 1919, the company is headquartered in Houston, Texas, USA. Its comprehensive service portfolio encompasses drilling, evaluation, completion, and production of both oil and natural gas wells, solidifying its position as a prominent player in this industry.



Baker Hughes Company



Baker Hughes Company, commonly known as Baker Hughes, is a multinational industrial service company providing a range of services and solutions to the oil and gas industry. The company was founded in 1907 with its current headquarters located in Texas, USA. Since the company began operations, it has developed and offered a wide array of services and products for oil and gas exploration, drilling, production, and reservoir management.



Other Saudi Arabia well completion equipment and services market players are Weatherford International plc, National-Oilwell Varco Inc., TAQA KSA, Superior Energy Services Inc., Packers Plus Energy Services Inc., and Welltec A/S, among others.



Key Topics Covered:



1 Executive Summary

1.1 Market Size 2024-2025

1.2 Market Growth 2025(F)-2034(F)

1.3 Key Demand Drivers

1.4 Key Players and Competitive Structure

1.5 Industry Best Practices

1.6 Recent Trends and Developments

1.7 Industry Outlook



2 Market Overview and Stakeholder Insights

2.1 Market Trends

2.2 Key Verticals

2.3 Key Regions

2.4 Supplier Power

2.5 Buyer Power

2.6 Key Market Opportunities and Risks

2.7 Key Initiatives by Stakeholders



3 Economic Summary

3.1 GDP Outlook

3.2 GDP Per Capita Growth

3.3 Inflation Trends

3.4 Democracy Index

3.5 Gross Public Debt Ratios

3.6 Balance of Payment (BoP) Position

3.7 Population Outlook

3.8 Urbanisation Trends



4 Country Risk Profiles

4.1 Country Risk

4.2 Business Climate



5 Global Well Completion Equipment and Services Market Overview

5.1 Key Industry Highlights

5.2 Global Well Completion Equipment and Services Historical Market (2018-2024)

5.3 Global Well Completion Equipment and Services Market Forecast (2025-2034)

5.4 Global Well Completion Equipment and Services Market Share by Region

5.4.1 North America

5.4.2 Europe

5.4.3 Asia Pacific

5.4.4 Latin America

5.4.5 Middle East and Africa



6 Saudi Arabia Well Completion Equipment and Services Market Overview

6.1 Key Industry Highlights

6.2 Saudi Arabia Well Completion Equipment and Services Historical Market (2018-2024)

6.3 Saudi Arabia Well Completion Equipment and Services Market Forecast (2025-2034)



7 Saudi Arabia Well Completion Equipment and Services Market by Type

7.1 Packers

7.1.1 Historical Trend (2018-2024)

7.1.2 Forecast Trend (2025-2034)

7.2 Sand Control Tools

7.3 Multi-Stage Fracturing Tools

7.4 Liner Hangers

7.5 Smart Wells

7.6 Safety Valves

7.7 Others



8 Saudi Arabia Well Completion Equipment and Services Market by Location of Deployment

8.1 Onshore

8.1.1 Historical Trend (2018-2024)

8.1.2 Forecast Trend (2025-2034)

8.2 Offshore



9 Market Dynamics

9.1 SWOT Analysis

9.2 Porter's Five Forces Analysis

9.3 Key Indicators for Demand

9.4 Key Indicators for Price



10 Competitive Landscape

10.1 Supplier Selection

10.2 Key Global Players

10.3 Key Regional Players

10.4 Key Player Strategies

10.5 Company Profiles

10.5.1 Schlumberger Limited

10.5.1.1 Company Overview

10.5.1.2 Product Portfolio

10.5.1.3 Demographic Reach and Achievements

10.5.1.4 Certifications

10.5.2 Halliburton Energy Services Inc.

10.5.3 Baker Hughes Company

10.5.4 Weatherford International plc

10.5.5 National-Oilwell Varco Inc.

10.5.6 TAQA KSA

10.5.7 Superior Energy Services Inc.

10.5.8 Packers Plus Energy Services Inc.

10.5.9 Welltec A/S",6f1546a2b7fbe2672e84d649ff812facd3aef01aabe5c0bf4d0b2fec09928b64
,AI & Automation,backup,4.571428571,NO,"The article primarily discusses the integration of AI infrastructure and services in the oilfield sector, highlighting specific AI-driven initiatives and their operational impacts.",https://money.usnews.com/investing/news/articles/2025-10-27/oilfield-giants-pivot-to-booming-ai-infrastructure-as-drilling-demand-wanes,Oilfield Giants Pivot to Booming AI Infrastructure as Drilling Demand Wanes,2025-10-27T11:49:00+00:00,"Baker Hughes reported over $4 billion in new orders for its Industrial & Energy Technology segment, which includes AI-driven solutions.; Halliburton's partnership with VoltaGrid aims to deploy 2.3 gigawatts of power to support AI data centers.; SLB's Digital Division focuses on cloud and AI-driven software, reporting an 11% growth in Digital revenue quarter-over-quarter.; The article notes that the demand for power and AI is unprecedented, indicating a significant market shift.; SLB's data-center infrastructure solutions are designed to enhance AI and cloud capacity while minimizing construction risks.","By Arunima Kumar

(Reuters) -Oilfield services giants SLB, Halliburton and Baker Hughes are turning to data centers and related artificial intelligence infrastructure work to drive their next phase of growth as they navigate slowing drilling demand and idle rigs across North America.

U.S. oil producers have cut exploration budgets as prices hover in the low $60s per barrel, pressured by rising production from the Organization of the Petroleum Exporting Countries and its allies, while power demand has boomed due to surging AI workloads.

The world's top oilfield contractors have now jumped on the bandwagon of delivering power equipment, turbines and data solutions to feed the growing appetite for computing and electricity.

""These are clear avenues for growth, given the need for power, especially distributed power generation,"" said James West, analyst at Melius Research.

""Investors are clamoring for power-generation exposure... these moves are driving valuation upside.""

QUICK OFF THE BLOCKS

Baker Hughes is seeing strong growth in its Industrial & Energy Technology segment, which houses its NovaLT gas turbines, grid systems and digital platforms.

The unit logged more than $4 billion in new orders in the third quarter, pushing backlog to a record $32 billion.

Its turbines are being deployed to hyperscale data centers, while its Cordant Asset Health platform helps monitor uptime and efficiency.

""Baker Hughes has already booked 1.2 gigawatts of data center solutions this year,"" analyst West said.

Halliburton is leaning into its partnership with Texas gas-generation provider VoltaGrid, which recently announced a 2.3 gigawatt deployment to support Oracle's next-gen AI data centers.

""The demand for power and for AI is like nothing I've ever seen,"" said CEO Jeff Miller.

""This is a long-term growth opportunity for both VoltaGrid and Halliburton.""

Sponsored Bank Accounts

The company will co-invest in international projects, starting in the Middle East, combining its reach with VoltaGrid's distributed power expertise.

SLB has launched a standalone Digital Division, now its fastest-growing business. The unit focuses on cloud and AI-driven software, automation tools for remote operations, seismic data services, and digital consulting to help clients modernize and migrate to the cloud.

SLB reported an 11% quarter-over-quarter growth in Digital revenue for the three months ended September 30, with annual recurring revenue reaching $926 million.

The company is also offering data-center infrastructure solutions.

The unit supports its customers in building faster, more resilient digital infrastructure by offering modular power, cooling, and utility systems that scale AI and cloud capacity while reducing construction risk and cost.

""We experienced strong growth in our data center solutions business, extending our reach with hyperscalers to a new market for SLB,"" said CEO Olivier Le Peuch.

(Reporting by Arunima Kumar in Bengaluru; Editing by Sriraj Kalluvila)",c5b8e1a286afdefa768c1c1aaa4472a209aa966588b5bdafbd9cecf95b352a74
,AI & Automation,winner,4.785714286,YES,"The article primarily discusses the application of AI in enhancing digital twins within the oil and gas sector, meeting the strict requirements for the AI & Automation bucket.",https://www.upstreamonline.com/sponsored-content/hexagon/how-ai-is-transforming-digital-twins-in-the-oil-and-gas-sector/,How AI is transforming digital twins in the oil and gas sector,2025-11-26T05:35:00+00:00,"47% of oil and gas executives plan to add AI functionality to their digital twins, indicating a strong industry trend.; AI is used to contextualize incoming unstructured data, digitizing and extracting tags from technical documents, enhancing digital twin capabilities.; A major European oil and gas producer digitized over five million control documents and integrated over 20,000 laser scan points, unlocking previously inaccessible information.; AI-powered digital twins can predict failures up to two weeks in advance by analyzing trends from gas compressors and pumps, significantly reducing downtime.; The article highlights the importance of contextualization for AI tools, improving the quality and reliability of responses from natural language agents.","Over the past three years, the sector engaged enthusiastically in a flurry of proof of concepts - from using generative AI to analyse subsurface data, to applying natural language processing to documentation, to training deep learning models for predictive maintenance. While grouped under the banner of AI, these initiatives vary widely in technology, potential and maturity.

As the industry’s economic outlook grows cloudier amid tariffs, weakening demand, and falling crude prices, the coming period may bring a winnowing of these efforts. It should also prompt greater focus on use cases that are production-ready, realise value from past investments and are closely aligned with organisational goals.

One such use case is the use of AI to expand the capabilities and value drive from digital twins. In a recent survey by Hexagon, 47% of oil and gas executives say they plan to add AI functionality to their twins - one of the highest percentages among all industries surveyed.

A legacy of limited-function digital twins

Understanding this appetite for greater AI functionality and the obstacle to overcome requires a short detour by the industry’s past experience with digital twins.

While they have been used in the oil and gas industry for decades, digital twins were often designed with a narrow scope on monitoring, maintaining and simulating physical assets. In this scenario, the digital twin typically monitors equipment health and performance, predicts failures and helps schedule repairs proactively.

This approach has proven successful in helping operators avoid costly downtime and safety issues. In fact, oil and gas is the industry where executives provide the highest estimation of the ROI of their digital twins, with a projected 29% return on investment each year, well ahead of other sectors such as chemicals (24%) or general manufacturing (19%).

Solving the challenge of accurate, up-to-date data

However, this narrow focus on individual equipment or subsystem use cases was also the reflection of data challenges.

Oil and gas facilities produce vast volumes of data and documents that are challenging to consolidate and contextualise. Those challenges are still a top-of-mind priority today. As an example, 65% of refinery executives name data cleansing and standardisation as a top priority over the next 24 months, according to IDC.

But AI is a major help. For example, continuous services can now contextualise incoming unstructured data, digitise and extract tags from documents like P&IDs, other drawings, and technical documents like data sheets. It is also transforming the integration and contextualisation of 3D laser scans, bringing new possibilities to the spatial visualisation of information.

The result is a new depth, scale and interconnectedness with which digital twins can be implemented.

A major European oil and gas producer demonstrated this at scale. Within three months, the company digitised, cleansed and classified over five million control documents - tagged with metadata aligned to asset taxonomies. At the same time, it integrated over 20,000 laser scan points into its visualisation environment. This unlocked information that had been inaccessible for years and could now be leveraged to maintain compliance and optimise asset performance.

Contextualisation as a crucial success factor

This contextualisation is a key enabler for both human operators and AI tools.

When discussing with operations and maintenance professionals, they often report significant time lost searching for information. Yet many oil and gas companies have struggled to implement ChatGPT-style natural language agents without encountering errors and hallucinations.

But, when these agents access contextualised data, they can navigate industrial data much more effectively, which significantly improves the quality and reliability of their responses and takes them from mere novelties to powerful tools. With this data foundation, Generative AI learns how data points are interconnected. For example, this enables users to easily request all documents and data points related to a specific tag, compare data across multiple assets, and more.

Four new capabilities of AI-powered digital twins

The applications of AI-powered digital twins extend well beyond simple information queries. Consider an offshore oil and gas operator using a digital twin to optimise operations, reduce downtime, and enhance safety on a deepwater platform. The asset, which changed ownership three times, relies on multiple systems for process safety and asset integrity.

We supported the operator in expanding AI capabilities across maintenance, process optimisation, remote monitoring, and compliance.

In predictive maintenance, the twin uses machine learning to analyse vibration and temperature trends from gas compressors and pumps. When early signs of bearing wear are detected, the system predicts failures up to two weeks in advance - allowing maintenance teams to proactively step in and avoid costly shutdowns.

Beyond cost avoidance, AI drives revenue growth. The twin simulates operational scenarios and adjusts production parameters in real time - optimising separator pressures and flow rates to improve efficiency, reduce energy use, and maximise output.

For remote monitoring, offshore and onshore teams access the digital twin through a cloud-based platform. Engineers use natural language search and 3D visualisations to diagnose issues and simulate solutions.

In safety and compliance, the digital twin continuously monitors gas leaks, emissions, and safety-critical systems. AI detects anomalies near the flare stack and automatically triggers response protocols, ensuring regulatory compliance and minimising environmental risk.

These four capabilities show how AI-powered twins can transform oil and gas operations - delivering asset reliability, cost optimisation, revenue growth, and the agility and resilience the industry needs in volatile times.",2c460082b0b9e7798ca8e0885f8b1e5da1936f76cb864ce4bdc748ab1be9f041
,Regulation,winner,4.785714286,YES,"The article discusses the PIPELINE Safety Act of 2025, which focuses on regulatory updates and compliance requirements for pipeline operators, making it a clear fit for the Regulation bucket.",https://www.jdsupra.com/legalnews/the-pipeline-safety-act-of-2025-what-8393700/,The PIPELINE Safety Act of 2025: What Operators Need to Know,2025-10-17T00:00:00+00:00,"The PIPELINE Safety Act of 2025 authorizes $1.65 billion over five years to enhance pipeline safety.; Civil penalties for pipeline safety violations would double, increasing the maximum daily penalty from $200,000 to $400,000.; The act mandates proactive risk mitigation measures for geohazards, requiring operators to inspect facilities after events like landslides and earthquakes.; PHMSA will study the blending of hydrogen into natural gas systems and may introduce new regulations based on the findings.; The act aims to modernize pipeline safety regulations and address emerging risks, including specific standards for carbon dioxide pipelines.","On Oct. 6, 2025, a bipartisan foursome from the Senate Committee on Commerce, Science, & Transportation introduced the PIPELINE Safety Act of 2025. The proposal aims to “enhance the safety of pipeline transportation” by providing updates to the Pipeline and Hazardous Materials Safety Administration’s (PHMSA) pipeline safety program.

It authorizes $1.65 billion in appropriations over the next five years to fund PHMSA’s pipeline safety program. It then seeks to implement measures to fortify pipeline integrity through (1) enhancing enforcement capabilities and attendant penalties, (2) imposing proactive risk mitigation requirements to address certain safety threats, and (3) strengthening oversight of pipeline operations by staying current with market trends such as emerging gases.

Enhanced Enforcement and Penalties

The bill attempts to hold pipeline operators more accountable for infractions through increased enforcement and higher penalties.

Recognizing the substantive enforcement role of state agencies, the act would increase federal funding for state inspection programs. This measure is designed to ensure that state partners have enough resources to maintain broad oversight over pipelines.

Civil penalties would increase for pipeline safety violations, doubling the maximum daily penalty from approximately $200,000 to $400,000 and the maximum for a series of violations from approximately $2 million to $4 million.

Proactive Risk Mitigation

Next, the proposed act would preemptively address several identified safety risks by imposing prospective safety measures on the industry.

Cybersecurity: The Transportation Security Administration would publish a final rule enhancing the cybersecurity of pipelines within six months of its enactment. The final rule would cement the temporary cybersecurity requirements established in recent years.

Geohazards: Pipeline operators would proactively mitigate risks from geohazards — such as landslides, earthquakes, flooding and river scour — and inspect facilities following such events. The proposed act would authorize PHMSA to consider how a pipeline operator’s inspection and maintenance plan contributes to mitigating threats posed by geohazards in assessing a given plan’s adequacy.

Plastic Pipeline Components: Operators would investigate and report the presence of Aldyl-A in their pipelines within three years of the bill’s enactment.

Impact Radius Calculations: The proposed act would direct PHMSA to study past incidents and update the methodology for calculating a pipeline’s potential impact radius.

Automatic Gas Shutoff: PHMSA also would study the efficacy of fire shutoff valves and, depending on the results of that study, authorize rulemaking of new standards requiring utilities to install automatic shutoff devices to halt gas flow during house fires.

Addressing Emerging Gases

Finally, the proposed act attempts to remain current with modern trends as it closes regulatory gaps related to emerging gases.

Blending: PHMSA would study the blending of hydrogen into existing natural gas systems at levels greater than 5%. Depending on the results of that study, PHMSA would consider whether new blending-related regulations are required for safety-related purposes. The bill would require natural gas pipeline operators to report any products they intentionally blended that exceed 2% of the volume of product transported in their pipeline. PHMSA also would study the associated risks and update safety standards accordingly.

Carbon Dioxide Pipelines: PHMSA would issue safety standards specific to CO₂ pipelines, including provisions that address the unique hazards posed by CO₂ releases, such as the potential for gas to travel significant distances and impact public safety.

The PIPELINE Safety Act of 2025 represents a comprehensive effort to modernize pipeline safety regulations, address evolving risks and enhance the resilience of the nation’s energy infrastructure. Pipeline operators should review the bill’s new requirements and assess their compliance strategies in anticipation of forthcoming regulatory changes.",6bec3766f86163ac695c9be5dcb2a48b977ed722beacf8dcf6c3ecbda782a83f
,Regulation,backup,4.571428571,NO,"The article discusses the delay of methane emission regulations by the EPA, which directly impacts oil and gas drilling operations.",https://www.ogj.com/general-interest/government/news/55307008/us-epa-to-delay-methane-rules-on-oil-gas-drilling-by-18-months,"US EPA to delay methane rules on oil, gas drilling by 18 months",2025-08-02T02:10:00+00:00,"The US EPA will delay the implementation of new limits on methane emissions from oil and gas development by 18 months.; The deadline to install methane control devices and comply with emissions requirements is proposed to be extended to January 22, 2027.; The delay is in response to concerns that certain regulatory provisions are not workable and could frustrate compliance.; Oil and natural gas facilities are the largest industrial source of methane, a potent greenhouse gas.; The Biden-era rule aimed to limit methane and volatile organic compound emissions from existing operations.","The US Environmental Protection Agency (EPA) will delay for 18 months the implementation of new limits on methane emissions from oil and gas development, even as it considers scrapping the 2024 Biden-era rule completely.

EPA proposed to delay until January 22, 2027, the deadline to install methane control devices, continuous monitoring and leak detection equipment, and comply with leak repair and emissions requirements.

The Biden EPA finalized the rule for stricter methane control in a bid to limit both methane and volatile organic compound emissions from existing operations (OGJ Online, Dec. 4, 2023).

The July 28 action is in response to “legitimate concerns, raised by stakeholders, that certain regulatory provisions are not currently workable or contain problematic regulatory language that frustrates compliance,” EPA said, calling the Biden proposal “untenable from a compliance perspective on the original timeframes.”

Oil and natural gas facilities are the nation’s largest industrial source of methane, a pollutant more potent than CO 2 and responsible for about one-third of the warming from greenhouse gases, the EPA has said.

In a recent statement, EPA said the implementation delay is part of the Trump administration’s strategy to “unleash the nation’s domestic energy supply.”

The administration has already suggested it would seek to reverse this and other methane rules instituted in the Biden administration, an approach that the administration’s July 29 move to reverse EPA’s 2009 endangerment finding could help.

In the Obama administration, EPA declared that greenhouse gas emissions (GHG), including methane and CO 2 , endanger public health and welfare, paving the way for rules that limited emissions from power plants, required clean coal technology, and spurred a transition toward electric vehicles.

If reversed, the EPA could withdraw its climate change rules because the finding provides the rationale most GHG emissions regulations.",34a63ba54f4b17278227c3665ae1a3ff6b4a3b090fc274048088a049bd636516
,2025-12-17T06:49:07.025692+00:00,Upstream,winner,4.571428571,YES,"The article primarily discusses a contract for offshore drilling operations, detailing the capabilities of the drillship and its operational context.",https://www.oedigital.com/news/533271-transocean-s-ultra-deepwater-drillship-up-for-130m-australian-job,Transocean's Ultra-Deepwater Drillship Up for $130M Australian Job,2025-12-09T09:20:00+00:00,,
,2025-12-17T06:49:07.025692+00:00,Upstream,backup,4.428571429,NO,"The article primarily discusses the active drilling rig count and crude oil production in the U.S., which are key aspects of upstream operations.",https://oilprice.com/Energy/Crude-Oil/US-Oil-Rig-Count-Stalls-While-Output-Breaks-New-Record.html,US Oil Rig Count Stalls While Output Breaks New Record,2025-10-17T17:08:00+00:00,,
,2025-12-17T06:49:07.025692+00:00,AI & Automation,winner,4.785714286,YES,"The article primarily discusses the use of AI, drones, and robotic technologies in oil and gas inspections, highlighting their impact on safety, efficiency, and data analysis.",https://www.azernews.az/analysis/251645.html,"SOCAR expert: Robots, drones, AI cut risk and downtime in oil and gas inspections [EXCLUSIVE]",2025-12-16T03:31:00+00:00,,
,2025-12-17T06:49:07.025692+00:00,Regulation,winner,4.428571429,YES,"The article discusses regulatory changes proposed by PHMSA aimed at reducing burdens on the energy sector, specifically related to pipeline safety and hazardous materials regulations.",https://www.railwayage.com/regulatory/phmsa-seeks-comment-on-pipeline-hazmat-regulatory-relief/,"PHMSA Seeks Comment on Pipeline, Hazmat 'Regulatory Relief'",2025-06-04T00:00:00+00:00,,
